{"cameraMode":{"drawMode":2,"name":"Shaded Wireframe","section":"Shading Mode"},"sceneLighting":true,"audioPlay":false,"sceneViewState":{"m_AlwaysRefresh":false,"showFog":true,"showSkybox":true,"showFlares":true,"showImageEffects":true,"showParticleSystems":true,"showVisualEffectGraphs":true,"m_FxEnabled":true},"in2DMode":false,"pivot":{"x":-0.008670568466186524,"y":1.6405470371246338,"z":0.41356468200683596},"rotation":{"x":-0.04306855797767639,"y":0.8437889814376831,"z":0.06849880516529083,"w":0.5305375456809998},"size":18.546607971191408,"orthographic":false}