{"cameraMode":{"drawMode":0,"name":"Shaded","section":"Shading Mode"},"sceneLighting":true,"audioPlay":false,"sceneViewState":{"m_AlwaysRefresh":false,"showFog":true,"showSkybox":true,"showFlares":true,"showImageEffects":true,"showParticleSystems":true,"showVisualEffectGraphs":true,"m_FxEnabled":true},"in2DMode":false,"pivot":{"x":-1.3740668296813965,"y":11.316253662109375,"z":-34.924293518066409},"rotation":{"x":0.22866524755954743,"y":0.5583804249763489,"z":-0.16359513998031617,"w":0.7804956436157227},"size":12.553108215332032,"orthographic":false}