{"cameraMode":{"drawMode":0,"name":"Shaded","section":"Shading Mode"},"sceneLighting":true,"audioPlay":false,"sceneViewState":{"m_AlwaysRefresh":false,"showFog":true,"showSkybox":true,"showFlares":true,"showImageEffects":true,"showParticleSystems":true,"showVisualEffectGraphs":true,"m_FxEnabled":true},"in2DMode":false,"pivot":{"x":9.884393692016602,"y":1.6405470371246338,"z":1.0211926698684693},"rotation":{"x":0.08052963763475418,"y":0.6364869475364685,"z":-0.06708204001188278,"w":0.7641546726226807},"size":5.399367332458496,"orthographic":false}